{
  "project_info": {
    "project_number": "935317752743",
    "project_id": "rollcoll",
    "storage_bucket": "rollcoll.appspot.com"
  },
  "client": [
    {
      "client_info": {
        "mobilesdk_app_id": "1:935317752743:android:441f77cb566794cba14482",
        "android_client_info": {
          "package_name": "com.apps.rollcall"
        }
      },
      "oauth_client": [],
      "api_key": [
        {
          "current_key": "AIzaSyABnvr2ULj45WFsSkiYg9zBlNUFThVM18w"
        }
      ],
      "services": {
        "appinvite_service": {
          "other_platform_oauth_client": []
        }
      }
    }
  ],
  "configuration_version": "1"
}